Strike,Moneyness,Bid,Midpoint,Ask,Last,Change,%Chg,Volume,"Open Int","Volume Open Interest Ratio",IV,Type,Time,"Avg IV"
"1,200.00",+69.62%,"2,749.30","2,752.65","2,756.00","3,056.70",0.00,unch,0,1,864.24%,Call,08/18/22,13.20%,"width: 1%","width: 1%"
"1,400.00",+64.56%,"2,547.30","2,551.65","2,556.00",0.00,0.00,unch,0,0,632.59%,Call,N/A,13.20%,"width: 1%","width: 1%"
"1,600.00",+59.50%,"2,347.30","2,351.65","2,356.00",0.00,0.00,unch,0,0,550.70%,Call,N/A,13.20%,"width: 1%","width: 1%"
"1,800.00",+54.43%,"2,147.30","2,151.65","2,156.00",0.00,0.00,unch,0,0,478.67%,Call,N/A,13.20%,"width: 1%","width: 1%"
"2,000.00",+49.37%,"1,947.30","1,951.65","1,956.00",0.00,0.00,unch,0,0,414.38%,Call,N/A,13.20%,"width: 1%","width: 1%"
"2,200.00",+44.31%,"1,747.30","1,751.65","1,756.00",0.00,0.00,unch,0,0,356.32%,Call,N/A,13.20%,"width: 1%","width: 1%"
"2,400.00",+39.24%,"1,547.30","1,551.65","1,556.00",0.00,0.00,unch,0,0,303.39%,Call,N/A,13.20%,"width: 1%","width: 1%"
"2,600.00",+34.18%,"1,347.30","1,351.65","1,356.00",0.00,0.00,unch,0,0,254.75%,Call,N/A,13.20%,"width: 1%","width: 1%"
"2,800.00",+29.12%,"1,150.40","1,153.30","1,156.20","1,105.80",0.00,unch,0,7,286.34%,Call,09/06/22,13.20%,"width: 1%","width: 1%"
"3,000.00",+24.05%,949.30,952.15,955.00,960.53,0.00,unch,0,1,205.21%,Call,08/31/22,13.20%,"width: 1%","width: 1%"
"3,100.00",+21.52%,851.30,854.10,856.90,0.00,0.00,unch,0,0,221.12%,Call,N/A,13.20%,"width: 1%","width: 1%"
"3,200.00",+18.99%,751.30,754.10,756.90,705.49,0.00,unch,0,2,195.67%,Call,09/06/22,13.20%,"width: 1%","width: 1%"
"3,250.00",+17.73%,701.30,704.10,706.90,0.00,0.00,unch,0,0,183.14%,Call,N/A,13.20%,"width: 1%","width: 1%"
"3,300.00",+16.46%,651.30,654.10,656.90,0.00,0.00,unch,0,0,170.71%,Call,N/A,13.20%,"width: 1%","width: 1%"
"3,350.00",+15.19%,601.30,604.10,606.90,0.00,0.00,unch,0,0,158.38%,Call,N/A,13.20%,"width: 1%","width: 1%"
"3,400.00",+13.93%,549.30,552.15,555.00,0.00,0.00,unch,0,0,118.47%,Call,N/A,13.20%,"width: 1%","width: 1%"
"3,450.00",+12.66%,501.30,504.10,506.90,460.80,0.00,unch,0,5,133.94%,Call,09/06/22,13.20%,"width: 1%","width: 1%"
"3,500.00",+11.40%,448.80,451.70,454.60,439.35,8.77,+2.04%,14,50,80.45%,Call,"12:17 ET",13.20%,"width: 1%","width: 1.2121212121212122%"
"3,550.00",+10.13%,400.50,403.35,406.20,402.15,31.65,+8.54%,157,172,87.58%,Call,"13:03 ET",13.20%,"width: 1%","width: 4.16969696969697%"
"3,600.00",+8.87%,351.30,354.10,356.90,342.14,31.51,+10.14%,143,295,97.57%,Call,"11:40 ET",13.20%,"width: 1%","width: 7.151515151515151%"
"3,625.00",+8.23%,326.30,329.10,331.90,316.77,37.39,+13.38%,39,100,91.50%,Call,"11:41 ET",13.20%,"width: 1%","width: 2.4242424242424243%"
"3,650.00",+7.60%,299.30,302.15,305.00,292.99,29.16,+11.05%,105,105,67.20%,Call,"11:41 ET",13.20%,"width: 1%","width: 2.5454545454545454%"
"3,670.00",+7.09%,281.30,284.10,286.90,260.28,20.07,+8.36%,50,50,80.54%,Call,"10:59 ET",13.20%,"width: 1%","width: 1.2121212121212122%"
"3,675.00",+6.97%,274.30,277.15,280.00,0.00,0.00,unch,0,0,62.11%,Call,N/A,13.20%,"width: 1%","width: 1%"
"3,680.00",+6.84%,271.30,274.10,276.90,0.00,0.00,unch,0,0,78.10%,Call,N/A,13.20%,"width: 1%","width: 1%"
"3,690.00",+6.59%,258.80,261.65,264.50,215.25,0.00,unch,0,6,42.31%,Call,09/06/22,13.20%,"width: 1%","width: 1%"
"3,700.00",+6.33%,248.80,251.65,254.50,205.80,0.00,unch,0,61,40.67%,Call,09/06/22,13.20%,"width: 1%","width: 1.4787878787878788%"
"3,710.00",+6.08%,238.80,241.65,244.50,225.00,225.00,unch,50,50,39.03%,Call,"12:31 ET",13.20%,"width: 1%","width: 1.2121212121212122%"
"3,720.00",+5.83%,228.80,231.65,234.50,0.00,0.00,unch,0,0,37.40%,Call,N/A,13.20%,"width: 1%","width: 1%"
"3,725.00",+5.70%,225.50,228.35,231.20,0.00,0.00,unch,0,0,62.65%,Call,N/A,13.20%,"width: 1%","width: 1%"
"3,730.00",+5.57%,217.30,220.95,224.60,211.12,46.41,+28.18%,50,64,68.28%,Call,"11:42 ET",13.20%,"width: 1%","width: 1.5515151515151515%"
"3,740.00",+5.32%,209.30,212.15,215.00,0.00,0.00,unch,0,0,48.81%,Call,N/A,13.20%,"width: 1%","width: 1%"
"3,745.00",+5.19%,204.30,207.15,210.00,0.00,0.00,unch,0,0,47.78%,Call,N/A,13.20%,"width: 1%","width: 1%"
"3,750.00",+5.07%,199.30,202.15,205.00,168.00,16.36,+10.79%,1,5,46.75%,Call,"09:36 ET",13.20%,"width: 1%","width: 1%"
"3,755.00",+4.94%,196.30,199.10,201.90,0.00,0.00,unch,0,0,59.58%,Call,N/A,13.20%,"width: 1%","width: 1%"
"3,760.00",+4.82%,191.30,194.10,196.90,0.00,0.00,unch,0,0,58.32%,Call,N/A,13.20%,"width: 1%","width: 1%"
"3,765.00",+4.69%,186.30,189.10,191.90,137.87,0.00,unch,0,1,57.07%,Call,09/06/22,13.20%,"width: 1%","width: 1%"
"3,770.00",+4.56%,181.30,184.10,186.90,0.00,0.00,unch,0,5,55.81%,Call,N/A,13.20%,"width: 1%","width: 1%"
"3,775.00",+4.44%,174.60,177.45,180.30,129.45,0.00,unch,0,1,44.60%,Call,09/06/22,13.20%,"width: 1%","width: 1%"
"3,780.00",+4.31%,171.30,174.10,176.90,123.04,0.00,unch,0,2,53.29%,Call,09/06/22,13.20%,"width: 1%","width: 1%"
"3,785.00",+4.18%,166.40,169.00,171.60,0.00,0.00,unch,0,4,51.58%,Call,N/A,13.20%,"width: 1%","width: 1%"
"3,790.00",+4.06%,158.00,160.95,163.90,123.50,0.00,unch,0,3,49.86%,Call,09/06/22,13.20%,"width: 1%","width: 1%"
"3,795.00",+3.93%,158.60,159.25,159.90,0.00,0.00,unch,0,0,50.12%,Call,N/A,13.20%,"width: 1%","width: 1%"
"3,800.00",+3.80%,151.30,151.80,152.30,150.80,36.91,+32.41%,15,32,31.21%,Call,"12:48 ET",13.20%,"width: 1%","width: 1%"
"3,805.00",+3.68%,146.90,147.55,148.20,106.02,0.00,unch,0,14,38.75%,Call,09/06/22,13.20%,"width: 1%","width: 1%"
"3,810.00",+3.55%,141.90,142.55,143.20,101.28,0.00,unch,0,7,37.63%,Call,09/06/22,13.20%,"width: 1%","width: 1%"
"3,815.00",+3.42%,136.80,137.50,138.20,85.68,-13.73,-13.81%,100,4,36.15%,Call,"08:08 ET",13.20%,"width: 1%","width: 1%"
"3,820.00",+3.30%,131.90,132.50,133.10,88.87,0.00,unch,0,10,35.03%,Call,09/06/22,13.20%,"width: 1%","width: 1%"
"3,825.00",+3.17%,126.90,127.50,128.10,108.30,23.61,+27.88%,128,29,33.90%,Call,"10:33 ET",13.20%,"width: 1%","width: 1%"
"3,830.00",+3.04%,121.90,122.55,123.20,120.80,41.21,+51.78%,13,101,33.10%,Call,"12:48 ET",13.20%,"width: 1%","width: 2.4484848484848483%"
"3,835.00",+2.92%,116.00,116.60,117.20,101.60,26.56,+35.39%,25,32,29.42%,Call,"11:06 ET",13.20%,"width: 1%","width: 1%"
"3,840.00",+2.79%,111.20,111.80,112.40,103.25,32.69,+46.33%,43,25,23.69%,Call,"12:39 ET",13.20%,"width: 1%","width: 1%"
"3,845.00",+2.66%,106.20,106.80,107.40,63.85,-0.64,-0.99%,17,11,22.74%,Call,"09:30 ET",13.20%,"width: 1%","width: 1%"
"3,850.00",+2.54%,101.90,102.55,103.20,98.03,38.09,+63.55%,34,203,28.49%,Call,"12:53 ET",13.20%,"width: 1%","width: 4.921212121212122%"
"3,855.00",+2.41%,96.20,96.85,97.50,93.03,37.24,+66.75%,26,44,21.61%,Call,"12:53 ET",13.20%,"width: 1%","width: 1.0666666666666667%"
"3,860.00",+2.28%,91.10,91.70,92.30,70.17,18.46,+35.70%,50,144,17.67%,Call,"10:44 ET",13.20%,"width: 1%","width: 3.490909090909091%"
"3,865.00",+2.16%,86.80,87.40,88.00,70.00,22.06,+46.02%,33,80,24.15%,Call,"12:26 ET",13.20%,"width: 1%","width: 1.9393939393939394%"
"3,870.00",+2.03%,81.10,81.55,82.00,80.12,36.04,+81.76%,113,105,20.21%,Call,"12:47 ET",13.20%,"width: 1%","width: 2.5454545454545454%"
"3,875.00",+1.90%,76.40,77.00,77.60,74.50,34.29,+85.28%,150,122,19.15%,Call,"12:59 ET",13.20%,"width: 1%","width: 2.9575757575757575%"
"3,880.00",+1.78%,72.20,72.75,73.30,69.60,32.95,+89.90%,160,203,22.31%,Call,"12:59 ET",13.20%,"width: 1%","width: 4.921212121212122%"
"3,885.00",+1.65%,66.90,67.10,67.30,67.80,34.51,+103.66%,137,142,17.73%,Call,"13:02 ET",13.20%,"width: 1%","width: 3.442424242424243%"
"3,890.00",+1.52%,61.80,62.05,62.30,62.95,31.95,+103.06%,59,239,16.28%,Call,"13:02 ET",13.20%,"width: 1%","width: 5.793939393939394%"
"3,895.00",+1.40%,56.80,57.35,57.90,44.00,16.67,+61.00%,206,243,16.84%,Call,"12:28 ET",13.20%,"width: 1.237385872176838%","width: 5.890909090909091%"
"3,900.00",+1.27%,51.90,52.40,52.90,48.16,23.73,+97.13%,"1,213",782,15.86%,Call,"12:55 ET",13.20%,"width: 7.286160499759731%","width: 18.957575757575757%"
"3,905.00",+1.14%,47.60,47.85,48.10,47.67,25.70,+116.98%,638,518,15.66%,Call,"13:02 ET",13.20%,"width: 3.832292167227295%","width: 12.557575757575757%"
"3,910.00",+1.02%,42.80,43.30,43.80,43.40,24.17,+125.69%,"1,145","1,431",16.50%,Call,"13:01 ET",13.20%,"width: 6.877703027390678%","width: 34.69090909090909%"
"3,915.00",+0.89%,38.40,38.75,39.10,38.15,21.27,+126.01%,"1,072",379,15.89%,Call,"13:01 ET",13.20%,"width: 6.4392119173474285%","width: 9.187878787878788%"
"3,920.00",+0.76%,33.60,34.05,34.50,34.60,19.86,+134.74%,"2,909",970,15.00%,Call,"13:03 ET",13.20%,"width: 17.473570398846707%","width: 23.515151515151516%"
"3,925.00",+0.64%,29.90,30.10,30.30,31.75,18.65,+142.37%,"2,333",454,15.33%,Call,"13:03 ET",13.20%,"width: 14.013695338779433%","width: 11.006060606060606%"
"3,930.00",+0.51%,25.50,25.85,26.20,25.82,14.83,+134.94%,"3,841",557,14.72%,Call,"13:02 ET",13.20%,"width: 23.071840461316675%","width: 13.503030303030302%"
"3,935.00",+0.39%,21.60,21.80,22.00,23.40,13.65,+140.00%,"2,876",689,14.23%,Call,"13:03 ET",13.20%,"width: 17.27534839019702%","width: 16.703030303030303%"
"3,940.00",+0.26%,18.10,18.35,18.60,18.11,9.88,+120.05%,"6,756",969,13.88%,Call,"13:02 ET",13.20%,"width: 40.58145122537242%","width: 23.49090909090909%"
"3,945.00",+0.13%,14.90,15.05,15.20,15.20,8.32,+120.93%,"4,094",473,14.14%,Call,"13:03 ET",13.20%,"width: 24.591542527630946%","width: 11.466666666666667%"
"3,950.00",+0.01%,11.70,11.85,12.00,12.20,6.42,+111.07%,"13,019","1,178",13.44%,Call,"13:03 ET",13.20%,"width: 78.2015857760692%","width: 28.55757575757576%"
"3,955.00",-0.12%,9.10,9.20,9.30,10.00,5.20,+108.33%,"4,976",499,13.17%,Call,"13:03 ET",13.20%,"width: 29.88947621335896%","width: 12.096969696969696%"
"3,960.00",-0.25%,7.30,7.35,7.40,7.40,3.30,+80.49%,"11,387","1,147",13.51%,Call,"13:03 ET",13.20%,"width: 68.39860643921192%","width: 27.806060606060605%"
"3,965.00",-0.37%,5.20,5.30,5.40,5.40,1.96,+56.98%,"5,436",450,13.15%,Call,"13:03 ET",13.20%,"width: 32.65257087938491%","width: 10.909090909090908%"
"3,970.00",-0.50%,3.80,3.90,4.00,3.90,1.10,+39.29%,"14,208","4,125",12.98%,Call,"13:03 ET",13.20%,"width: 85.3435848149928%","width: 100%"
"3,975.00",-0.63%,2.70,2.75,2.80,2.81,0.57,+25.45%,"8,776","2,052",12.86%,Call,"13:03 ET",13.20%,"width: 52.71504084574724%","width: 49.74545454545454%"
"3,980.00",-0.75%,1.75,1.80,1.85,1.80,0.00,unch,"16,648","1,381",12.58%,Call,"13:03 ET",13.20%,"width: 100%","width: 33.47878787878788%"
"3,985.00",-0.88%,1.10,1.15,1.20,1.21,-0.29,-19.33%,"10,643",721,12.39%,Call,"13:03 ET",13.20%,"width: 63.929601153291685%","width: 17.47878787878788%"
"3,990.00",-1.01%,0.60,0.65,0.70,0.70,-0.45,-39.13%,"7,664","1,923",12.21%,Call,"13:03 ET",13.20%,"width: 46.035559827006246%","width: 46.61818181818182%"
"3,995.00",-1.13%,0.30,0.35,0.40,0.44,-0.46,-51.11%,"4,103",785,11.70%,Call,"13:03 ET",13.20%,"width: 24.645603075444498%","width: 19.03030303030303%"
"4,000.00",-1.26%,0.20,0.23,0.25,0.25,-0.45,-64.29%,"10,381","3,339",12.08%,Call,"13:03 ET",13.20%,"width: 62.35583853916387%","width: 80.94545454545454%"
"4,005.00",-1.39%,0.05,0.10,0.15,0.12,-0.41,-77.36%,"3,105","1,840",11.75%,Call,"13:03 ET",13.20%,"width: 18.650888995675157%","width: 44.6060606060606%"
"4,010.00",-1.51%,0.05,0.08,0.10,0.10,-0.27,-72.97%,"3,176","2,241",12.38%,Call,"13:03 ET",13.20%,"width: 19.077366650648727%","width: 54.32727272727272%"
"4,015.00",-1.64%,0.05,0.05,0.05,0.05,-0.22,-81.48%,"1,961","1,735",12.22%,Call,"13:03 ET",13.20%,"width: 11.779192695819319%","width: 42.06060606060606%"
"4,020.00",-1.77%,0.05,0.05,0.05,0.05,-0.13,-72.22%,"2,339","2,051",13.07%,Call,"12:57 ET",13.20%,"width: 14.049735703988468%","width: 49.72121212121212%"
"4,025.00",-1.89%,0.05,0.05,0.05,0.05,-0.09,-64.29%,"1,439","1,930",13.90%,Call,"12:58 ET",13.20%,"width: 8.643680922633349%","width: 46.78787878787879%"
"4,030.00",-2.02%,0.05,0.05,0.05,0.05,-0.02,-28.57%,676,"1,937",14.73%,Call,"13:01 ET",13.20%,"width: 4.060547813551177%","width: 46.95757575757576%"
"4,035.00",-2.15%,0.05,0.05,0.05,0.05,0.00,unch,727,"1,878",15.56%,Call,"12:57 ET",13.20%,"width: 4.366890917827967%","width: 45.52727272727273%"
"4,040.00",-2.27%,0.05,0.05,0.05,0.05,0.00,unch,484,"2,155",16.38%,Call,"12:59 ET",13.20%,"width: 2.9072561268620856%","width: 52.24242424242425%"
"4,045.00",-2.40%,0.05,0.05,0.05,0.05,0.00,unch,21,"1,778",17.19%,Call,"12:02 ET",13.20%,"width: 1%","width: 43.1030303030303%"
"4,050.00",-2.53%,0.05,0.05,0.05,0.05,-0.02,-28.57%,65,"2,053",18.00%,Call,"12:42 ET",13.20%,"width: 1%","width: 49.769696969696966%"
"4,055.00",-2.65%,0.05,0.05,0.05,0.05,0.00,unch,5,734,18.81%,Call,"11:46 ET",13.20%,"width: 1%","width: 17.793939393939397%"
"4,060.00",-2.78%,0.05,0.05,0.05,0.05,-0.02,-28.57%,98,631,19.61%,Call,"11:52 ET",13.20%,"width: 1%","width: 15.296969696969697%"
"4,065.00",-2.91%,0.05,0.05,0.05,0.05,0.00,unch,41,690,20.40%,Call,"12:14 ET",13.20%,"width: 1%","width: 16.727272727272727%"
"4,070.00",-3.03%,0.05,0.05,0.05,0.05,0.00,unch,6,815,21.19%,Call,"12:13 ET",13.20%,"width: 1%","width: 19.757575757575758%"
"4,075.00",-3.16%,0.05,0.05,0.05,0.05,0.00,unch,0,"1,525",0.00%,Call,09/06/22,13.20%,"width: 1%","width: 36.96969696969697%"
"4,080.00",-3.29%,0.05,0.05,0.05,0.05,0.00,unch,7,559,22.77%,Call,"10:02 ET",13.20%,"width: 1%","width: 13.55151515151515%"
"4,085.00",-3.41%,0.05,0.05,0.05,0.05,0.00,unch,0,525,0.00%,Call,09/06/22,13.20%,"width: 1%","width: 12.727272727272727%"
"4,090.00",-3.54%,0.05,0.05,0.05,0.05,0.00,unch,1,508,24.33%,Call,"09:36 ET",13.20%,"width: 1%","width: 12.315151515151515%"
"4,095.00",-3.67%,0.05,0.05,0.05,0.05,0.00,unch,0,247,0.00%,Call,09/06/22,13.20%,"width: 1%","width: 5.987878787878788%"
"4,100.00",-3.79%,0.05,0.05,0.05,0.05,0.00,unch,12,"1,079",25.87%,Call,"09:46 ET",13.20%,"width: 1%","width: 26.157575757575756%"
"4,105.00",-3.92%,0.05,0.05,0.05,0.05,0.00,unch,2,814,26.64%,Call,"11:14 ET",13.20%,"width: 1%","width: 19.733333333333334%"
"4,110.00",-4.05%,0.05,0.05,0.05,0.05,0.00,unch,3,720,27.40%,Call,"09:54 ET",13.20%,"width: 1%","width: 17.454545454545457%"
"4,115.00",-4.17%,0.05,0.05,0.05,0.05,0.00,unch,0,168,0.00%,Call,09/06/22,13.20%,"width: 1%","width: 4.072727272727273%"
"4,120.00",-4.30%,0.05,0.05,0.05,0.05,0.00,unch,0,409,0.00%,Call,09/06/22,13.20%,"width: 1%","width: 9.915151515151516%"
"4,125.00",-4.42%,0.05,0.05,0.05,0.05,0.00,unch,0,605,0.00%,Call,09/06/22,13.20%,"width: 1%","width: 14.666666666666666%"
"4,130.00",-4.55%,0.05,0.05,0.05,0.05,0.00,unch,3,882,30.43%,Call,"12:53 ET",13.20%,"width: 1%","width: 21.381818181818183%"
"4,135.00",-4.68%,0.05,0.05,0.05,0.05,0.00,unch,0,662,0.00%,Call,09/06/22,13.20%,"width: 1%","width: 16.048484848484847%"
"4,140.00",-4.80%,0.05,0.05,0.05,0.05,0.00,unch,0,372,0.00%,Call,09/06/22,13.20%,"width: 1%","width: 9.018181818181818%"
"4,145.00",-4.93%,0.05,0.05,0.05,0.05,0.00,unch,0,416,0.00%,Call,09/06/22,13.20%,"width: 1%","width: 10.084848484848486%"
"4,150.00",-5.06%,0.05,0.05,0.05,0.05,0.00,unch,0,"1,396",0.00%,Call,09/06/22,13.20%,"width: 1%","width: 33.842424242424244%"
"4,155.00",-5.18%,0.05,0.05,0.05,0.10,0.00,unch,0,98,0.00%,Call,09/02/22,13.20%,"width: 1%","width: 2.375757575757576%"
"4,160.00",-5.31%,0.05,0.05,0.05,0.05,0.00,unch,0,147,0.00%,Call,09/06/22,13.20%,"width: 1%","width: 3.563636363636364%"
"4,165.00",-5.44%,0.05,0.05,0.05,0.05,0.00,unch,1,392,35.64%,Call,"01:52 ET",13.20%,"width: 1%","width: 9.503030303030304%"
"4,170.00",-5.56%,0.05,0.05,0.05,0.05,0.00,unch,0,94,0.00%,Call,09/06/22,13.20%,"width: 1%","width: 2.278787878787879%"
"4,175.00",-5.69%,0.05,0.05,0.05,0.07,0.00,unch,0,522,0.00%,Call,09/02/22,13.20%,"width: 1%","width: 12.654545454545454%"
"4,180.00",-5.82%,0.05,0.05,0.05,0.05,0.00,unch,0,170,0.00%,Call,09/06/22,13.20%,"width: 1%","width: 4.121212121212121%"
"4,185.00",-5.94%,0.05,0.05,0.05,0.08,0.00,unch,0,117,0.00%,Call,09/02/22,13.20%,"width: 1%","width: 2.8363636363636364%"
"4,190.00",-6.07%,0.05,0.05,0.05,0.05,0.00,unch,0,118,0.00%,Call,09/06/22,13.20%,"width: 1%","width: 2.860606060606061%"
"4,195.00",-6.20%,0.05,0.05,0.05,0.20,0.00,unch,0,667,0.00%,Call,09/02/22,13.20%,"width: 1%","width: 16.16969696969697%"
"4,200.00",-6.32%,0.05,0.05,0.05,0.05,0.00,unch,2,"2,283",40.73%,Call,"09:53 ET",13.20%,"width: 1%","width: 55.345454545454544%"
"4,205.00",-6.45%,0.05,0.05,0.05,0.05,0.00,unch,0,335,0.00%,Call,09/02/22,13.20%,"width: 1%","width: 8.121212121212121%"
"4,210.00",-6.58%,0.05,0.05,0.05,0.05,0.00,unch,0,413,0.00%,Call,09/06/22,13.20%,"width: 1%","width: 10.012121212121212%"
"4,215.00",-6.70%,0.05,0.05,0.05,0.05,0.00,unch,0,150,0.00%,Call,09/06/22,13.20%,"width: 1%","width: 3.6363636363636362%"
"4,220.00",-6.83%,0.05,0.05,0.05,0.05,0.00,unch,0,129,0.00%,Call,09/06/22,13.20%,"width: 1%","width: 3.127272727272727%"
"4,225.00",-6.96%,0.05,0.05,0.05,0.05,0.00,unch,0,"1,004",0.00%,Call,09/02/22,13.20%,"width: 1%","width: 24.33939393939394%"
"4,230.00",-7.08%,0.05,0.05,0.05,0.05,0.00,unch,0,271,0.00%,Call,09/02/22,13.20%,"width: 1%","width: 6.56969696969697%"
"4,235.00",-7.21%,0.05,0.05,0.05,0.05,0.00,unch,0,106,0.00%,Call,09/02/22,13.20%,"width: 1%","width: 2.56969696969697%"
"4,240.00",-7.34%,0.05,0.05,0.05,0.05,0.00,unch,0,288,0.00%,Call,09/02/22,13.20%,"width: 1%","width: 6.981818181818182%"
"4,245.00",-7.46%,0.05,0.05,0.05,0.10,0.00,unch,0,83,0.00%,Call,09/01/22,13.20%,"width: 1%","width: 2.0121212121212118%"
"4,250.00",-7.59%,0.05,0.05,0.05,0.05,0.00,unch,0,"1,573",0.00%,Call,09/02/22,13.20%,"width: 1%","width: 38.13333333333333%"
"4,255.00",-7.72%,0.05,0.05,0.05,0.05,0.00,unch,0,87,0.00%,Call,09/02/22,13.20%,"width: 1%","width: 2.109090909090909%"
"4,260.00",-7.84%,0.05,0.05,0.05,0.05,0.00,unch,0,246,0.00%,Call,09/02/22,13.20%,"width: 1%","width: 5.963636363636363%"
"4,265.00",-7.97%,0.05,0.05,0.05,0.05,0.00,unch,0,62,0.00%,Call,09/02/22,13.20%,"width: 1%","width: 1.5030303030303032%"
"4,270.00",-8.10%,0.05,0.05,0.05,0.05,0.00,unch,0,93,0.00%,Call,09/02/22,13.20%,"width: 1%","width: 2.2545454545454544%"
"4,275.00",-8.22%,0.05,0.05,0.05,0.05,0.00,unch,0,448,0.00%,Call,09/02/22,13.20%,"width: 1%","width: 10.860606060606061%"
"4,280.00",-8.35%,0.05,0.05,0.05,0.05,0.00,unch,0,869,0.00%,Call,09/02/22,13.20%,"width: 1%","width: 21.066666666666666%"
"4,285.00",-8.48%,0.05,0.05,0.05,0.05,0.00,unch,0,57,0.00%,Call,08/31/22,13.20%,"width: 1%","width: 1.3818181818181818%"
"4,290.00",-8.60%,0.05,0.05,0.05,0.05,0.00,unch,0,242,0.00%,Call,09/02/22,13.20%,"width: 1%","width: 5.866666666666666%"
"4,295.00",-8.73%,0.05,0.05,0.05,0.05,0.00,unch,0,35,0.00%,Call,08/31/22,13.20%,"width: 1%","width: 1%"
"4,300.00",-8.85%,0.05,0.05,0.05,0.05,0.00,unch,0,805,0.00%,Call,09/02/22,13.20%,"width: 1%","width: 19.515151515151516%"
"4,305.00",-8.98%,0.05,0.05,0.05,0.10,0.00,unch,0,28,0.00%,Call,08/31/22,13.20%,"width: 1%","width: 1%"
"4,310.00",-9.11%,0.05,0.05,0.05,0.05,0.00,unch,0,55,0.00%,Call,08/31/22,13.20%,"width: 1%","width: 1.3333333333333335%"
"4,315.00",-9.23%,0.05,0.05,0.05,0.05,0.00,unch,0,48,0.00%,Call,08/31/22,13.20%,"width: 1%","width: 1.1636363636363636%"
"4,320.00",-9.36%,0.05,0.05,0.05,0.05,0.00,unch,0,487,0.00%,Call,08/31/22,13.20%,"width: 1%","width: 11.806060606060607%"
"4,325.00",-9.49%,0.05,0.05,0.05,0.05,0.00,unch,0,237,0.00%,Call,09/02/22,13.20%,"width: 1%","width: 5.745454545454545%"
"4,330.00",-9.61%,0.05,0.05,0.05,0.05,0.00,unch,0,41,0.00%,Call,08/31/22,13.20%,"width: 1%","width: 1%"
"4,335.00",-9.74%,0.05,0.05,0.05,0.05,0.00,unch,0,130,0.00%,Call,08/31/22,13.20%,"width: 1%","width: 3.151515151515152%"
"4,340.00",-9.87%,0.05,0.05,0.05,0.07,0.00,unch,0,426,0.00%,Call,08/31/22,13.20%,"width: 1%","width: 10.327272727272726%"
"4,345.00",-9.99%,0.05,0.05,0.05,0.80,0.00,unch,0,82,0.00%,Call,08/26/22,13.20%,"width: 1%","width: 1.9878787878787878%"
"4,350.00",-10.12%,0.05,0.05,0.05,0.05,0.00,unch,0,250,0.00%,Call,09/06/22,13.20%,"width: 1%","width: 6.0606060606060606%"
"4,355.00",-10.25%,0.05,0.05,0.05,0.10,0.00,unch,0,128,0.00%,Call,08/30/22,13.20%,"width: 1%","width: 3.103030303030303%"
"4,360.00",-10.37%,0.05,0.05,0.05,0.10,0.00,unch,0,120,0.00%,Call,08/31/22,13.20%,"width: 1%","width: 2.909090909090909%"
"4,365.00",-10.50%,0.05,0.05,0.05,4.62,0.00,unch,0,66,0.00%,Call,08/26/22,13.20%,"width: 1%","width: 1.6%"
"4,370.00",-10.63%,0.05,0.05,0.05,0.05,0.00,unch,0,499,0.00%,Call,08/31/22,13.20%,"width: 1%","width: 12.096969696969696%"
"4,375.00",-10.75%,0.05,0.05,0.05,0.05,0.00,unch,0,182,0.00%,Call,09/02/22,13.20%,"width: 1%","width: 4.412121212121212%"
"4,380.00",-10.88%,0.05,0.05,0.05,0.44,0.00,unch,0,42,0.00%,Call,08/26/22,13.20%,"width: 1%","width: 1.0181818181818183%"
"4,385.00",-11.01%,0.05,0.05,0.05,0.10,0.00,unch,0,174,0.00%,Call,08/30/22,13.20%,"width: 1%","width: 4.218181818181818%"
"4,390.00",-11.13%,0.05,0.05,0.05,0.05,0.00,unch,0,66,0.00%,Call,09/02/22,13.20%,"width: 1%","width: 1.6%"
"4,400.00",-11.39%,0.05,0.05,0.05,0.05,0.00,unch,0,223,0.00%,Call,09/02/22,13.20%,"width: 1%","width: 5.406060606060606%"
"4,410.00",-11.64%,0.05,0.05,0.05,1.79,0.00,unch,0,136,0.00%,Call,08/26/22,13.20%,"width: 1%","width: 3.296969696969697%"
"4,420.00",-11.89%,0.05,0.05,0.05,0.05,0.00,unch,0,254,0.00%,Call,09/06/22,13.20%,"width: 1%","width: 6.157575757575757%"
"4,425.00",-12.02%,0.05,0.05,0.05,0.23,0.00,unch,0,325,0.00%,Call,08/26/22,13.20%,"width: 1%","width: 7.878787878787878%"
"4,430.00",-12.15%,0.05,0.05,0.05,0.19,0.00,unch,0,222,0.00%,Call,08/26/22,13.20%,"width: 1%","width: 5.381818181818182%"
"4,450.00",-12.65%,0.05,0.05,0.05,0.07,0.00,unch,0,477,0.00%,Call,08/30/22,13.20%,"width: 1%","width: 11.563636363636363%"
"4,500.00",-13.92%,0.05,0.05,0.05,0.05,0.00,unch,0,694,0.00%,Call,09/02/22,13.20%,"width: 1%","width: 16.824242424242424%"
"4,550.00",-15.18%,0.05,0.05,0.05,0.12,0.00,unch,0,19,0.00%,Call,08/24/22,13.20%,"width: 1%","width: 1%"
"4,600.00",-16.45%,0.05,0.05,0.05,0.03,0.00,unch,0,97,0.00%,Call,08/31/22,13.20%,"width: 1%","width: 2.3515151515151516%"
"4,700.00",-18.98%,0.05,0.05,0.05,0.05,0.00,unch,0,19,0.00%,Call,08/26/22,13.20%,"width: 1%","width: 1%"
"4,800.00",-21.51%,0.05,0.05,0.05,0.05,0.00,unch,0,53,0.00%,Call,08/24/22,13.20%,"width: 1%","width: 1.284848484848485%"
"5,000.00",-26.58%,0.00,0.03,0.05,0.05,0.00,unch,0,"1,505",0.00%,Call,08/25/22,13.20%,"width: 1%","width: 36.484848484848484%"
"5,200.00",-31.64%,0.00,0.03,0.05,0.05,0.00,unch,0,1,0.00%,Call,08/18/22,13.20%,"width: 1%","width: 1%"
"1,200.00",-69.62%,0.00,0.03,0.05,0.00,0.00,unch,0,0,0.00%,Put,N/A,13.20%,"width: 1%","width: 1%"
"1,400.00",-64.56%,0.00,0.03,0.05,0.00,0.00,unch,0,0,0.00%,Put,N/A,13.20%,"width: 1%","width: 1%"
"1,600.00",-59.50%,0.00,0.03,0.05,0.05,0.00,unch,0,2,0.00%,Put,08/23/22,13.20%,"width: 1%","width: 1%"
"1,800.00",-54.43%,0.00,0.03,0.05,0.05,0.00,unch,0,1,0.00%,Put,08/23/22,13.20%,"width: 1%","width: 1%"
"2,000.00",-49.37%,0.00,0.03,0.05,0.05,0.00,unch,0,4,0.00%,Put,08/23/22,13.20%,"width: 1%","width: 1%"
"2,200.00",-44.31%,0.05,0.05,0.05,0.05,0.00,unch,0,1,0.00%,Put,08/16/22,13.20%,"width: 1%","width: 1%"
"2,400.00",-39.24%,0.05,0.05,0.05,0.06,0.00,unch,0,101,0.00%,Put,08/23/22,13.20%,"width: 1%","width: 1%"
"2,600.00",-34.18%,0.05,0.05,0.05,0.05,0.00,unch,0,545,0.00%,Put,08/30/22,13.20%,"width: 1%","width: 4.7019239064791645%"
"2,800.00",-29.12%,0.05,0.05,0.05,0.05,0.00,unch,0,104,0.00%,Put,09/02/22,13.20%,"width: 1%","width: 1%"
"3,000.00",-24.05%,0.05,0.05,0.05,0.05,0.00,unch,0,204,0.00%,Put,09/02/22,13.20%,"width: 1%","width: 1.7599861961866965%"
"3,100.00",-21.52%,0.05,0.05,0.05,0.10,0.00,unch,0,"2,586",0.00%,Put,09/02/22,13.20%,"width: 1%","width: 22.310413251660773%"
"3,200.00",-18.99%,0.05,0.05,0.05,0.10,0.00,unch,0,"4,458",0.00%,Put,09/02/22,13.20%,"width: 1%","width: 38.4608748166681%"
"3,250.00",-17.73%,0.05,0.05,0.05,0.05,0.00,unch,1,221,119.53%,Put,"10:46 ET",13.20%,"width: 1%","width: 1.906651712535588%"
"3,300.00",-16.46%,0.05,0.05,0.05,0.05,0.00,unch,0,"5,718",0.00%,Put,09/06/22,13.20%,"width: 1%","width: 49.33137779311535%"
"3,350.00",-15.19%,0.05,0.05,0.05,0.05,0.00,unch,0,"7,472",0.00%,Put,09/06/22,13.20%,"width: 1%","width: 64.46380812699508%"
"3,400.00",-13.93%,0.05,0.05,0.05,0.05,0.00,unch,0,"8,744",0.00%,Put,09/06/22,13.20%,"width: 1%","width: 75.43783970321802%"
"3,450.00",-12.66%,0.05,0.05,0.05,0.05,0.00,unch,1,"9,819",85.31%,Put,"11:43 ET",13.20%,"width: 1%","width: 84.71227676645672%"
"3,500.00",-11.40%,0.05,0.05,0.05,0.07,0.00,unch,0,"7,180",0.00%,Put,09/06/22,13.20%,"width: 1%","width: 61.94461219912001%"
"3,550.00",-10.13%,0.05,0.05,0.05,0.05,0.00,unch,0,"11,591",0.00%,Put,09/06/22,13.20%,"width: 1%","width: 100%"
"3,600.00",-8.87%,0.05,0.05,0.05,0.05,-0.02,-28.57%,7,"5,130",60.37%,Put,"09:30 ET",13.20%,"width: 1%","width: 44.25847640410663%"
"3,625.00",-8.23%,0.05,0.05,0.05,0.05,-0.05,-50.00%,"1,008","2,638",56.25%,Put,"11:16 ET",13.20%,"width: 3.426706554256187%","width: 22.759037184022084%"
"3,650.00",-7.60%,0.05,0.05,0.05,0.05,-0.05,-50.00%,13,"3,288",52.13%,Put,"11:11 ET",13.20%,"width: 1%","width: 28.36683633853852%"
"3,670.00",-7.09%,0.05,0.05,0.05,0.10,0.00,unch,0,723,0.00%,Put,09/06/22,13.20%,"width: 1%","width: 6.237598136485204%"
"3,675.00",-6.97%,0.05,0.05,0.05,0.07,0.00,unch,0,"1,810",48.02%,Put,09/06/22,13.20%,"width: 1%","width: 15.615563799499613%"
"3,680.00",-6.84%,0.05,0.05,0.05,0.12,0.00,unch,0,411,0.00%,Put,09/06/22,13.20%,"width: 1%","width: 3.545854542317315%"
"3,690.00",-6.59%,0.05,0.05,0.05,0.05,-0.07,-58.33%,21,838,45.56%,Put,"06:38 ET",13.20%,"width: 1%","width: 7.22974721766888%"
"3,700.00",-6.33%,0.05,0.05,0.05,0.05,-0.05,-50.00%,30,"8,565",43.92%,Put,"11:17 ET",13.20%,"width: 1%","width: 73.89353808989733%"
"3,710.00",-6.08%,0.05,0.05,0.05,0.05,-0.08,-61.54%,20,"1,359",42.27%,Put,"04:05 ET",13.20%,"width: 1%","width: 11.724613924596671%"
"3,720.00",-5.83%,0.05,0.05,0.05,0.05,-0.10,-66.67%,8,571,40.63%,Put,"10:10 ET",13.20%,"width: 1%","width: 4.926235872659823%"
"3,725.00",-5.70%,0.05,0.05,0.05,0.05,-0.10,-66.67%,83,"1,793",39.80%,Put,"09:51 ET",13.20%,"width: 1%","width: 15.46889828315072%"
"3,730.00",-5.57%,0.05,0.05,0.05,0.05,-0.10,-66.67%,31,698,38.98%,Put,"09:45 ET",13.20%,"width: 1%","width: 6.0219135536191875%"
"3,740.00",-5.32%,0.05,0.05,0.05,0.05,-0.10,-66.67%,343,"3,623",37.34%,Put,"11:17 ET",13.20%,"width: 1.1660320913788416%","width: 31.257009748943144%"
"3,745.00",-5.19%,0.05,0.05,0.05,0.05,-0.12,-70.59%,67,410,36.51%,Put,"10:32 ET",13.20%,"width: 1%","width: 3.5372271590026747%"
"3,750.00",-5.07%,0.05,0.05,0.05,0.05,-0.13,-72.22%,150,"2,831",35.69%,Put,"11:15 ET",13.20%,"width: 1%","width: 24.424122163747736%"
"3,755.00",-4.94%,0.05,0.05,0.05,0.05,-0.14,-73.68%,114,"1,555",34.86%,Put,"12:22 ET",13.20%,"width: 1%","width: 13.41558105426624%"
"3,760.00",-4.82%,0.05,0.05,0.05,0.05,-0.16,-76.19%,427,793,34.04%,Put,"09:54 ET",13.20%,"width: 1.4515909709001904%","width: 6.841514968510051%"
"3,765.00",-4.69%,0.05,0.05,0.05,0.05,-0.18,-78.26%,229,471,33.21%,Put,"10:17 ET",13.20%,"width: 1%","width: 4.063497541195756%"
"3,770.00",-4.56%,0.05,0.05,0.05,0.05,-0.20,-80.00%,357,"1,440",32.38%,Put,"12:24 ET",13.20%,"width: 1.213625237965733%","width: 12.423431973082565%"
"3,775.00",-4.44%,0.05,0.05,0.05,0.05,-0.26,-83.87%,729,"1,743",31.56%,Put,"11:08 ET",13.20%,"width: 2.4782431329888497%","width: 15.037529117418687%"
"3,780.00",-4.31%,0.05,0.05,0.05,0.05,-0.28,-84.85%,511,"3,612",30.73%,Put,"12:46 ET",13.20%,"width: 1.7371498504215395%","width: 31.162108532482097%"
"3,785.00",-4.18%,0.05,0.05,0.05,0.05,-0.33,-86.84%,378,679,29.90%,Put,"12:33 ET",13.20%,"width: 1.2850149578460701%","width: 5.857993270641015%"
"3,790.00",-4.06%,0.05,0.05,0.05,0.05,-0.40,-88.89%,"1,607","1,614",29.07%,Put,"12:45 ET",13.20%,"width: 5.463013326081044%","width: 13.924596669830041%"
"3,795.00",-3.93%,0.05,0.05,0.05,0.05,-0.51,-91.07%,692,760,28.24%,Put,"12:48 ET",13.20%,"width: 2.3524612455806366%","width: 6.556811319126908%"
"3,800.00",-3.80%,0.05,0.05,0.05,0.05,-0.65,-92.86%,"3,869","5,306",27.41%,Put,"12:58 ET",13.20%,"width: 13.15270601033451%","width: 45.77689586748339%"
"3,805.00",-3.68%,0.05,0.05,0.05,0.05,-0.80,-94.12%,"1,163",763,26.58%,Put,"13:01 ET",13.20%,"width: 3.9536306771824856%","width: 6.582693469070831%"
"3,810.00",-3.55%,0.05,0.05,0.05,0.05,-0.96,-95.05%,"2,205","2,016",25.74%,Put,"12:51 ET",13.20%,"width: 7.495920587435409%","width: 17.39280476231559%"
"3,815.00",-3.42%,0.05,0.08,0.10,0.07,-1.18,-94.40%,"1,998",947,25.79%,Put,"13:02 ET",13.20%,"width: 6.792221920043513%","width: 8.170131998964713%"
"3,820.00",-3.30%,0.05,0.08,0.10,0.05,-1.47,-96.71%,"2,815","1,375",24.07%,Put,"13:02 ET",13.20%,"width: 9.56962197443568%","width: 11.862652057630921%"
"3,825.00",-3.17%,0.05,0.08,0.10,0.05,-1.80,-97.30%,"2,957","1,297",23.23%,Put,"12:53 ET",13.20%,"width: 10.052352461245581%","width: 11.189716159088949%"
"3,830.00",-3.04%,0.05,0.08,0.10,0.05,-2.18,-97.76%,"4,697","1,441",22.39%,Put,"13:03 ET",13.20%,"width: 15.967500679902095%","width: 12.432059356397204%"
"3,835.00",-2.92%,0.05,0.08,0.10,0.05,-2.59,-98.11%,"3,637","1,229",21.55%,Put,"13:03 ET",13.20%,"width: 12.36401958118031%","width: 10.603054093693382%"
"3,840.00",-2.79%,0.05,0.08,0.10,0.07,-3.03,-97.74%,"4,747","1,612",21.46%,Put,"13:03 ET",13.20%,"width: 16.137476203426708%","width: 13.90734190320076%"
"3,845.00",-2.66%,0.05,0.08,0.10,0.10,-3.60,-97.30%,"2,842",779,21.45%,Put,"13:02 ET",13.20%,"width: 9.661408757138972%","width: 6.720731602105082%"
"3,850.00",-2.54%,0.10,0.13,0.15,0.10,-4.35,-97.75%,"10,172","4,790",20.54%,Put,"13:03 ET",13.20%,"width: 34.57982050584716%","width: 41.325166077128806%"
"3,855.00",-2.41%,0.10,0.13,0.15,0.15,-5.00,-97.09%,"2,926",709,20.65%,Put,"13:03 ET",13.20%,"width: 9.946967636660322%","width: 6.116814770080235%"
"3,860.00",-2.28%,0.15,0.18,0.20,0.15,-5.90,-97.52%,"6,119",849,19.70%,Put,"13:02 ET",13.20%,"width: 20.80160456894207%","width: 7.324648434129928%"
"3,865.00",-2.16%,0.15,0.20,0.25,0.20,-6.80,-97.14%,"3,875",359,19.50%,Put,"13:03 ET",13.20%,"width: 13.173103073157467%","width: 3.0972306099560005%"
"3,870.00",-2.03%,0.20,0.25,0.30,0.25,-7.90,-96.93%,"7,280","1,508",19.12%,Put,"13:03 ET",13.20%,"width: 24.748436225183575%","width: 13.01009403847813%"
"3,875.00",-1.90%,0.30,0.32,0.35,0.35,-9.08,-96.29%,"6,781","2,357",19.07%,Put,"13:04 ET",13.20%,"width: 23.05208050040794%","width: 20.33474247260806%"
"3,880.00",-1.78%,0.35,0.40,0.45,0.40,-10.40,-96.30%,"11,068",736,18.41%,Put,"13:03 ET",13.20%,"width: 37.62578188740821%","width: 6.349754119575533%"
"3,885.00",-1.65%,0.45,0.48,0.50,0.47,-12.03,-96.24%,"3,397",586,17.81%,Put,"13:03 ET",13.20%,"width: 11.548137068262172%","width: 5.055646622379433%"
"3,890.00",-1.52%,0.60,0.63,0.65,0.70,-13.40,-95.04%,"12,347","1,073",17.60%,Put,"13:03 ET",13.20%,"width: 41.973755779167796%","width: 9.257182296609438%"
"3,895.00",-1.40%,0.75,0.78,0.80,0.85,-15.00,-94.64%,"4,501",601,17.15%,Put,"13:03 ET",13.20%,"width: 15.301196627685613%","width: 5.185057372099043%"
"3,900.00",-1.27%,0.95,1.00,1.05,1.05,-17.14,-94.23%,"29,416","3,253",17.03%,Put,"13:03 ET",13.20%,"width: 100%","width: 28.0648779225261%"
"3,905.00",-1.14%,1.20,1.25,1.30,1.25,-19.00,-93.83%,"3,526",516,16.42%,Put,"13:03 ET",13.20%,"width: 11.98667391895567%","width: 4.451729790354586%"
"3,910.00",-1.02%,1.60,1.63,1.65,1.60,-20.89,-92.89%,"5,915","1,015",16.08%,Put,"13:04 ET",13.20%,"width: 20.108104432961653%","width: 8.75679406436028%"
"3,915.00",-0.89%,2.05,2.10,2.15,2.14,-24.21,-91.88%,"4,265",575,15.97%,Put,"13:03 ET",13.20%,"width: 14.498912156649443%","width: 4.960745405918384%"
"3,920.00",-0.76%,2.65,2.70,2.75,2.78,-25.59,-90.20%,"8,309",564,15.60%,Put,"13:03 ET",13.20%,"width: 28.246532499320097%","width: 4.865844189457338%"
"3,925.00",-0.64%,3.30,3.40,3.50,3.48,-28.14,-88.99%,"6,123",839,15.38%,Put,"13:03 ET",13.20%,"width: 20.81520261082404%","width: 7.238374600983521%"
"3,930.00",-0.51%,4.10,4.15,4.20,4.30,-29.94,-87.44%,"6,416",466,14.68%,Put,"13:03 ET",13.20%,"width: 21.81125917867827%","width: 4.020360624622552%"
"3,935.00",-0.39%,5.10,5.25,5.40,5.30,-33.70,-86.41%,"3,678",565,14.44%,Put,"13:03 ET",13.20%,"width: 12.503399510470492%","width: 4.874471572771978%"
"3,940.00",-0.26%,6.20,6.30,6.40,6.40,-35.97,-84.89%,"4,116",807,13.79%,Put,"13:04 ET",13.20%,"width: 13.992385096546098%","width: 6.962298334915021%"
"3,945.00",-0.13%,7.70,7.85,8.00,8.60,-36.00,-80.72%,"1,684",346,13.26%,Put,"13:03 ET",13.20%,"width: 5.724775632308948%","width: 2.9850746268656714%"
"3,950.00",-0.01%,10.20,10.30,10.40,10.00,-39.63,-79.85%,"1,835","1,217",13.56%,Put,"13:04 ET",13.20%,"width: 6.238101713353277%","width: 10.499525493917695%"
"3,955.00",+0.12%,12.00,12.10,12.20,12.65,-41.56,-76.66%,458,832,12.61%,Put,"13:03 ET",13.20%,"width: 1.5569757954854502%","width: 7.177982917781037%"
"3,960.00",+0.25%,15.50,15.60,15.70,15.45,-41.13,-72.69%,265,612,13.32%,Put,"13:03 ET",13.20%,"width: 1%","width: 5.279958588560089%"
"3,965.00",+0.37%,18.50,18.70,18.90,20.70,-42.07,-67.02%,103,195,13.07%,Put,"12:59 ET",13.20%,"width: 1%","width: 1.6823397463549308%"
"3,970.00",+0.50%,21.20,21.65,22.10,26.80,-39.83,-59.78%,161,"1,174",12.03%,Put,"12:57 ET",13.20%,"width: 1%","width: 10.128548011388146%"
"3,975.00",+0.63%,25.80,26.25,26.70,28.79,-42.08,-59.38%,89,"1,968",13.12%,Put,"12:53 ET",13.20%,"width: 1%","width: 16.978690363212838%"
"3,980.00",+0.75%,28.90,29.35,29.80,29.58,-45.84,-60.78%,88,379,11.22%,Put,"13:03 ET",13.20%,"width: 1%","width: 3.2697782762488137%"
"3,985.00",+0.88%,34.00,34.45,34.90,36.30,-43.98,-54.78%,52,147,12.24%,Put,"12:51 ET",13.20%,"width: 1%","width: 1.2682253472521785%"
"3,990.00",+1.01%,38.90,39.30,39.70,37.63,-46.15,-55.08%,54,980,13.09%,Put,"12:42 ET",13.20%,"width: 1%","width: 8.454835648347856%"
"3,995.00",+1.13%,43.20,43.80,44.40,45.47,-45.35,-49.93%,48,140,12.26%,Put,"12:51 ET",13.20%,"width: 1%","width: 1.2078336640496936%"
"4,000.00",+1.26%,48.70,48.95,49.20,48.80,-45.20,-48.09%,90,"1,433",13.38%,Put,"13:03 ET",13.20%,"width: 1%","width: 12.36304028988008%"
"4,005.00",+1.39%,52.00,52.60,53.20,68.46,-40.62,-37.24%,12,253,0.00%,Put,"12:20 ET",13.20%,"width: 1%","width: 2.182727978604089%"
"4,010.00",+1.51%,56.90,57.50,58.10,77.28,-16.04,-17.19%,10,623,0.00%,Put,"12:22 ET",13.20%,"width: 1%","width: 5.374859805021137%"
"4,015.00",+1.64%,62.00,62.55,63.10,65.18,-40.26,-38.18%,14,49,0.00%,Put,"12:51 ET",13.20%,"width: 1%","width: 1%"
"4,020.00",+1.77%,67.00,67.55,68.10,71.37,-37.40,-34.38%,340,899,0.00%,Put,"12:41 ET",13.20%,"width: 1.1558335599673648%","width: 7.756017599861961%"
"4,025.00",+1.89%,73.00,73.55,74.10,75.21,-33.79,-31.00%,24,247,16.56%,Put,"12:51 ET",13.20%,"width: 1%","width: 2.1309636787162454%"
"4,030.00",+2.02%,76.90,77.50,78.10,77.69,-47.11,-37.75%,379,965,0.00%,Put,"13:03 ET",13.20%,"width: 1.2884144683165626%","width: 8.325424898628246%"
"4,035.00",+2.15%,81.60,82.70,83.80,120.20,-6.69,-5.27%,8,129,20.89%,Put,"05:46 ET",13.20%,"width: 1%","width: 1.1129324475886464%"
"4,040.00",+2.27%,87.10,88.10,89.10,91.61,-38.24,-29.45%,3,153,23.94%,Put,"12:41 ET",13.20%,"width: 1%","width: 1.3199896471400223%"
"4,045.00",+2.40%,92.60,93.60,94.60,104.67,-35.32,-25.23%,8,145,20.98%,Put,"12:38 ET",13.20%,"width: 1%","width: 1.250970580622897%"
"4,050.00",+2.53%,96.60,97.65,98.70,99.28,-45.74,-31.54%,35,117,23.04%,Put,"13:01 ET",13.20%,"width: 1%","width: 1.0094038478129583%"
"4,055.00",+2.65%,101.40,102.55,103.70,110.29,-44.94,-28.95%,1,31,24.02%,Put,"11:54 ET",13.20%,"width: 1%","width: 1%"
"4,060.00",+2.78%,105.30,106.25,107.20,116.98,-28.63,-19.66%,3,89,0.00%,Put,"11:20 ET",13.20%,"width: 1%","width: 1%"
"4,065.00",+2.91%,108.80,111.65,114.50,124.80,-40.49,-24.50%,18,94,31.67%,Put,"11:11 ET",13.20%,"width: 1%","width: 1%"
"4,070.00",+3.03%,115.00,117.85,120.70,127.67,-31.31,-19.69%,41,138,38.01%,Put,"11:17 ET",13.20%,"width: 1%","width: 1.1905788974204123%"
"4,075.00",+3.16%,119.70,122.65,125.60,129.28,-20.09,-13.45%,4,151,38.85%,Put,"11:56 ET",13.20%,"width: 1%","width: 1.302734880510741%"
"4,080.00",+3.29%,125.00,127.85,130.70,134.33,-40.52,-23.17%,4,122,40.43%,Put,"11:56 ET",13.20%,"width: 1%","width: 1.0525407643861617%"
"4,085.00",+3.41%,130.00,132.85,135.70,143.89,-19.76,-12.07%,8,71,41.63%,Put,"12:06 ET",13.20%,"width: 1%","width: 1%"
"4,090.00",+3.54%,135.50,138.35,141.20,161.34,-23.33,-12.63%,5,150,19.69%,Put,"10:50 ET",13.20%,"width: 1%","width: 1.2941074971961004%"
"4,095.00",+3.67%,138.80,141.70,144.60,176.60,-10.96,-5.84%,2,20,38.79%,Put,"10:17 ET",13.20%,"width: 1%","width: 1%"
"4,100.00",+3.79%,145.90,148.80,151.70,155.87,-36.47,-18.96%,31,"1,611",33.75%,Put,"12:01 ET",13.20%,"width: 1%","width: 13.898714519886118%"
"4,105.00",+3.92%,150.40,153.30,156.20,185.50,-2.38,-1.27%,2,46,48.32%,Put,"10:06 ET",13.20%,"width: 1%","width: 1%"
"4,110.00",+4.05%,155.40,158.30,161.20,165.90,-36.52,-18.04%,9,78,49.51%,Put,"11:56 ET",13.20%,"width: 1%","width: 1%"
"4,115.00",+4.17%,160.40,163.30,166.20,210.96,0.00,unch,0,35,50.70%,Put,09/06/22,13.20%,"width: 1%","width: 1%"
"4,120.00",+4.30%,165.40,168.30,171.20,177.80,-2.60,-1.44%,5,70,51.88%,Put,"11:32 ET",13.20%,"width: 1%","width: 1%"
"4,125.00",+4.42%,170.40,173.30,176.20,221.13,0.00,unch,0,82,53.05%,Put,09/06/22,13.20%,"width: 1%","width: 1%"
"4,130.00",+4.55%,175.40,178.30,181.20,202.14,-22.32,-9.94%,5,107,54.21%,Put,"10:43 ET",13.20%,"width: 1%","width: 1%"
"4,135.00",+4.68%,180.40,183.30,186.20,227.19,0.00,unch,0,185,55.37%,Put,09/06/22,13.20%,"width: 1%","width: 1.5960659132085238%"
"4,140.00",+4.80%,185.00,187.85,190.70,232.74,0.00,unch,0,129,54.32%,Put,09/06/22,13.20%,"width: 1%","width: 1.1129324475886464%"
"4,145.00",+4.93%,190.40,193.30,196.20,217.75,0.00,unch,0,39,57.67%,Put,09/02/22,13.20%,"width: 1%","width: 1%"
"4,150.00",+5.06%,195.00,197.85,200.70,210.60,-42.98,-16.95%,2,884,56.55%,Put,"11:46 ET",13.20%,"width: 1%","width: 7.626606850142352%"
"4,155.00",+5.18%,200.40,203.30,206.20,226.95,0.00,unch,0,16,59.95%,Put,09/02/22,13.20%,"width: 1%","width: 1%"
"4,160.00",+5.31%,203.80,206.65,209.50,252.21,0.00,unch,0,110,51.65%,Put,09/06/22,13.20%,"width: 1%","width: 1%"
"4,165.00",+5.44%,210.40,213.30,216.20,223.40,-11.53,-4.91%,5,11,62.20%,Put,"11:33 ET",13.20%,"width: 1%","width: 1%"
"4,170.00",+5.56%,215.40,219.05,222.70,264.26,0.00,unch,0,98,49.68%,Put,09/06/22,13.20%,"width: 1%","width: 1%"
"4,175.00",+5.69%,220.00,222.85,225.70,257.82,0.00,unch,0,128,62.03%,Put,09/06/22,13.20%,"width: 1%","width: 1.1043050642740058%"
"4,180.00",+5.82%,225.40,228.30,231.20,244.37,-26.67,-9.84%,1,39,65.55%,Put,"12:33 ET",13.20%,"width: 1%","width: 1%"
"4,185.00",+5.94%,230.40,233.30,236.20,263.80,0.00,unch,0,21,66.65%,Put,09/06/22,13.20%,"width: 1%","width: 1%"
"4,190.00",+6.07%,235.40,238.30,241.20,242.37,-50.10,-17.13%,1,98,67.75%,Put,"12:58 ET",13.20%,"width: 1%","width: 1%"
"4,195.00",+6.20%,239.00,243.35,247.70,296.16,0.00,unch,0,126,35.20%,Put,09/06/22,13.20%,"width: 1%","width: 1.0870502976447243%"
"4,200.00",+6.32%,245.40,248.30,251.20,259.77,-27.25,-9.49%,11,"1,723",69.94%,Put,"12:07 ET",13.20%,"width: 1%","width: 14.864981451125875%"
"4,205.00",+6.45%,250.40,253.30,256.20,259.79,-29.79,-10.29%,2,10,71.03%,Put,"11:31 ET",13.20%,"width: 1%","width: 1%"
"4,210.00",+6.58%,255.40,258.30,261.20,290.48,-5.68,-1.92%,10,79,72.11%,Put,"10:19 ET",13.20%,"width: 1%","width: 1%"
"4,215.00",+6.70%,259.70,262.65,265.60,295.52,194.32,+192.02%,10,15,70.00%,Put,"10:19 ET",13.20%,"width: 1%","width: 1%"
"4,220.00",+6.83%,265.40,268.30,271.20,285.56,0.00,unch,0,61,74.26%,Put,09/06/22,13.20%,"width: 1%","width: 1%"
"4,225.00",+6.96%,270.00,272.85,275.70,317.59,0.00,unch,0,63,72.65%,Put,09/06/22,13.20%,"width: 1%","width: 1%"
"4,230.00",+7.08%,275.40,278.30,281.20,297.28,-17.14,-5.45%,4,18,76.40%,Put,"12:24 ET",13.20%,"width: 1%","width: 1%"
"4,235.00",+7.21%,280.40,283.30,286.20,292.92,110.03,+60.16%,12,48,77.46%,Put,"11:41 ET",13.20%,"width: 1%","width: 1%"
"4,240.00",+7.34%,285.00,287.85,290.70,297.97,-11.91,-3.84%,12,63,75.76%,Put,"11:41 ET",13.20%,"width: 1%","width: 1%"
"4,245.00",+7.46%,289.00,293.35,297.70,329.40,-7.46,-2.21%,2,110,42.41%,Put,"10:01 ET",13.20%,"width: 1%","width: 1%"
"4,250.00",+7.59%,295.00,297.85,300.70,343.00,0.00,unch,0,221,77.82%,Put,09/06/22,13.20%,"width: 1%","width: 1.906651712535588%"
"4,255.00",+7.72%,299.00,303.35,307.70,109.68,0.00,unch,0,1,43.84%,Put,08/22/22,13.20%,"width: 1%","width: 1%"
"4,260.00",+7.84%,305.00,307.85,310.70,136.80,0.00,unch,0,11,79.86%,Put,08/26/22,13.20%,"width: 1%","width: 1%"
"4,265.00",+7.97%,310.40,313.30,316.20,340.94,211.54,+163.48%,4,20,83.76%,Put,"09:40 ET",13.20%,"width: 1%","width: 1%"
"4,270.00",+8.10%,315.00,317.85,320.70,345.97,212.56,+159.33%,4,21,81.88%,Put,"09:40 ET",13.20%,"width: 1%","width: 1%"
"4,275.00",+8.22%,320.00,322.85,325.70,162.05,0.00,unch,0,141,82.89%,Put,08/26/22,13.20%,"width: 1%","width: 1.2164610473643345%"
"4,280.00",+8.35%,325.00,327.85,330.70,285.76,0.00,unch,0,34,83.90%,Put,09/02/22,13.20%,"width: 1%","width: 1%"
"4,285.00",+8.48%,330.40,333.30,336.20,92.92,0.00,unch,0,4,87.89%,Put,08/19/22,13.20%,"width: 1%","width: 1%"
"4,290.00",+8.60%,335.00,337.85,340.70,175.98,0.00,unch,0,22,85.90%,Put,08/26/22,13.20%,"width: 1%","width: 1%"
"4,295.00",+8.73%,340.40,343.30,346.20,100.07,0.00,unch,0,5,89.93%,Put,08/19/22,13.20%,"width: 1%","width: 1%"
"4,300.00",+8.85%,345.00,347.85,350.70,357.03,-6.46,-1.78%,1,218,87.89%,Put,"11:20 ET",13.20%,"width: 1%","width: 1.8807695625916658%"
"4,305.00",+8.98%,350.40,353.30,356.20,378.30,0.00,unch,0,1,91.96%,Put,09/01/22,13.20%,"width: 1%","width: 1%"
"4,310.00",+9.11%,355.40,358.30,361.20,367.08,29.25,+8.66%,1,22,92.97%,Put,"11:20 ET",13.20%,"width: 1%","width: 1%"
"4,315.00",+9.23%,361.00,363.45,365.90,0.00,0.00,unch,0,0,61.54%,Put,N/A,13.20%,"width: 1%","width: 1%"
"4,320.00",+9.36%,363.10,365.90,368.70,393.30,0.00,unch,0,40,70.41%,Put,09/01/22,13.20%,"width: 1%","width: 1%"
"4,325.00",+9.49%,370.40,373.30,376.20,200.99,0.00,unch,0,20,95.99%,Put,08/24/22,13.20%,"width: 1%","width: 1%"
"4,330.00",+9.61%,375.00,377.85,380.70,226.80,0.00,unch,0,100,93.79%,Put,08/26/22,13.20%,"width: 1%","width: 1%"
"4,335.00",+9.74%,380.40,383.30,386.20,308.60,0.00,unch,0,102,97.98%,Put,08/29/22,13.20%,"width: 1%","width: 1%"
"4,340.00",+9.87%,385.40,388.30,391.20,0.00,0.00,unch,0,0,98.98%,Put,N/A,13.20%,"width: 1%","width: 1%"
"4,345.00",+9.99%,390.40,393.30,396.20,0.00,0.00,unch,0,0,99.97%,Put,N/A,13.20%,"width: 1%","width: 1%"
"4,350.00",+10.12%,395.40,398.30,401.20,0.00,0.00,unch,0,5,100.95%,Put,N/A,13.20%,"width: 1%","width: 1%"
"4,355.00",+10.25%,400.40,403.30,406.20,121.80,0.00,unch,0,5,101.94%,Put,08/19/22,13.20%,"width: 1%","width: 1%"
"4,360.00",+10.37%,403.80,406.70,409.60,0.00,0.00,unch,0,0,90.27%,Put,N/A,13.20%,"width: 1%","width: 1%"
"4,365.00",+10.50%,410.40,413.30,416.20,441.43,-14.90,-3.27%,10,22,103.90%,Put,"09:51 ET",13.20%,"width: 1%","width: 1%"
"4,370.00",+10.63%,414.70,417.65,420.60,0.00,0.00,unch,0,0,100.77%,Put,N/A,13.20%,"width: 1%","width: 1%"
"4,375.00",+10.75%,420.40,423.30,426.20,0.00,0.00,unch,0,0,105.85%,Put,N/A,13.20%,"width: 1%","width: 1%"
"4,380.00",+10.88%,425.00,427.85,430.70,185.33,0.00,unch,0,1,103.40%,Put,08/25/22,13.20%,"width: 1%","width: 1%"
"4,385.00",+11.01%,428.10,430.90,433.70,460.34,0.00,unch,0,3,80.76%,Put,09/01/22,13.20%,"width: 1%","width: 1%"
"4,390.00",+11.13%,433.80,436.70,439.60,0.00,0.00,unch,0,0,95.59%,Put,N/A,13.20%,"width: 1%","width: 1%"
"4,400.00",+11.39%,445.40,449.05,452.70,458.07,-32.02,-6.53%,16,123,90.10%,Put,"11:33 ET",13.20%,"width: 1%","width: 1.0611681477008024%"
"4,410.00",+11.64%,453.10,455.90,458.70,489.58,0.00,unch,0,10,84.67%,Put,09/06/22,13.20%,"width: 1%","width: 1%"
"4,420.00",+11.89%,465.40,468.30,471.20,499.62,0.00,unch,0,50,114.51%,Put,09/06/22,13.20%,"width: 1%","width: 1%"
"4,425.00",+12.02%,468.10,470.90,473.70,438.32,0.00,unch,0,60,86.99%,Put,09/02/22,13.20%,"width: 1%","width: 1%"
"4,430.00",+12.15%,473.10,475.90,478.70,503.97,0.00,unch,0,40,87.76%,Put,09/06/22,13.20%,"width: 1%","width: 1%"
"4,450.00",+12.65%,495.40,498.30,501.20,532.09,12.27,+2.36%,20,63,120.17%,Put,"10:24 ET",13.20%,"width: 1%","width: 1%"
"4,500.00",+13.92%,544.70,547.65,550.60,582.11,67.43,+13.10%,50,9,124.66%,Put,"10:24 ET",13.20%,"width: 1%","width: 1%"
"4,550.00",+15.18%,595.20,598.05,600.90,0.00,0.00,unch,0,0,136.06%,Put,N/A,13.20%,"width: 1%","width: 1%"
"4,600.00",+16.45%,645.00,647.85,650.70,664.00,-30.39,-4.38%,31,36,143.03%,Put,"12:19 ET",13.20%,"width: 1%","width: 1%"
"4,700.00",+18.98%,743.80,746.65,749.50,0.00,0.00,unch,0,0,145.17%,Put,N/A,13.20%,"width: 1%","width: 1%"
"4,800.00",+21.51%,843.80,846.65,849.50,894.50,0.00,unch,0,3,160.32%,Put,09/06/22,13.20%,"width: 1%","width: 1%"
"5,000.00",+26.58%,"1,045.40","1,048.30","1,051.20",0.00,0.00,unch,0,0,125.97%,Put,N/A,13.20%,"width: 1%","width: 1%"
"5,200.00",+31.64%,"1,244.00","1,247.35","1,250.70",0.00,0.00,unch,0,0,235.95%,Put,N/A,13.20%,"width: 1%","width: 1%"
"Downloaded from Barchart.com as of 09-07-2022 12:29pm CDT"
